Workbook

Sheet Capa
B6: RELATÓRIO DE ATIVIDADES DO TIME
B7: Segurança da Informação · Processos · Auditoria
B9: Apresentação Executiva — Ciclo Quinzenal / Mensal
B12: IDENTIFICAÇÃO DO RELATÓRIO | F12: SUMÁRIO DO DOCUMENTO
B13: Período de Referência | C13: Ex.: 01/05/2026 a 15/05/2026 | F13: 1. Instruções | G13: Como usar e atualizar o relatório
B14: Tipo de Ciclo | C14: Quinzenal | F14: 2. Dashboard | G14: Visão executiva consolidada
B15: Data de Emissão | C15: Preencher | F15: 3. Atividades | G15: Lista detalhada do time
B16: Responsável | C16: Marcos — Segurança / Processos / DPO | F16: 4. Resumo do Ciclo | G16: Narrativa para apresentar ao VP
B17: Destinatário | C17: VP | F17: 5. Parâmetros | G17: Listas suspensas e configurações
B18: Versão | C18: 1.0
B21: Documento de uso interno — Spread Tecnologia

Sheet Instruções
B2: COMO USAR ESTE RELATÓRIO
B4: 1. Defina o período
B5: Atualize a aba 'Capa' com o período (quinzenal ou mensal) e a data de emissão.
B7: 2. Atualize as Atividades
B8: Na aba 'Atividades', mantenha o registro vivo de tudo o que o time está fazendo. Use as listas suspensas para Status, Prioridade, Pilar e Responsável. O Dashboard atualiza sozinho.
B10: 3. Revise o Dashboard
B11: A aba 'Dashboard' consolida os números. Não preencha valores ali — todos vêm de fórmulas.
B13: 4. Escreva o Resumo do Ciclo
B14: Na aba 'Resumo do Ciclo', preencha os campos narrativos: entregas, atenções, próximos passos e necessidades. É o que o VP lerá com mais atenção.
B16: 5. Apresente ao VP
B17: Exporte em PDF (Arquivo > Exportar > PDF) ou compartilhe o .xlsx. Sugestão: comece pelo Resumo do Ciclo e use o Dashboard para sustentar os números.
B19: LEGENDA DE STATUS
... B24: Bloqueado

Sheet Dashboard
B2: DASHBOARD EXECUTIVO — VISIBILIDADE DAS ATIVIDADES
B3: Todos os valores são calculados automaticamente a partir da aba 'Atividades'.
B5: INDICADORES PRINCIPAIS
B7: Total de Atividades | D7: Concluídas | F7: Em Andamento | H7: Atrasadas | J7: Alta Prioridade | L7: % Médio de Conclusão
B8: =COUNTA(Atividades!B6:B80) -> 7 | D8: =COUNTIF(Atividades!H6:H80,"Concluído") -> 1 | F8: =COUNTIF(Atividades!H6:H80,"Em andamento") -> 4 | H8: =COUNTIF(Atividades!H6:H80,"Atrasado") -> 1 | J8: =COUNTIFS(Atividades!G6:G80,"Alta",Atividades!H6:H80,"<>Concluído") -> 4 | L8: =IFERROR(AVERAGE(Atividades!K6:K80)/100,0) -> 0.50714286
B12: ATIVIDADES POR STATUS
B13: Status | C13: Quantidade | D13: % do Total
B14: Concluído | C14: =COUNTIF(Atividades!H6:H80,B14) -> 1 | D14: =IFERROR(C14/SUM($C$14:$C$18),0) -> 0.14285714
B15: Em andamento | C15: =COUNTIF(Atividades!H6:H80,B15) -> 4 | D15: =IFERROR(C15/SUM($C$14:$C$18),0) -> 0.57142857
B16: Atrasado | C16: =COUNTIF(Atividades!H6:H80,B16) -> 1 | D16: =IFERROR(C16/SUM($C$14:$C$18),0) -> 0.14285714
B17: Não iniciado | C17: =COUNTIF(Atividades!H6:H80,B17) -> 1 | D17: =IFERROR(C17/SUM($C$14:$C$18),0) -> 0.14285714
B18: Bloqueado | C18: =COUNTIF(Atividades!H6:H80,B18) -> 0 | D18: =IFERROR(C18/SUM($C$14:$C$18),0) -> 0
B19: TOTAL | C19: =SUM(C14:C18) -> 7 | D19: =SUM(D14:D18) -> 1
B22: ATIVIDADES POR PILAR
B23: Pilar | C23: Quantidade | D23: % do Total
B24: Segurança da Informação | C24: =COUNTIF(Atividades!D6:D80,B24) -> 2 | D24: =IFERROR(C24/SUM($C$24:$C$30),0) -> 0.28571429
B25: Privacidade / LGPD | C25: =COUNTIF(Atividades!D6:D80,B25) -> 0 | D25: =IFERROR(C25/SUM($C$24:$C$30),0) -> 0
B26: ISO 27001 | C26: =COUNTIF(Atividades!D6:D80,B26) -> 1 | D26: =IFERROR(C26/SUM($C$24:$C$30),0) -> 0.14285714
B27: ISO 9001 | C27: =COUNTIF(Atividades!D6:D80,B27) -> 1 | D27: =IFERROR(C27/SUM($C$24:$C$30),0) -> 0.14285714
B28: Auditoria Interna | C28: =COUNTIF(Atividades!D6:D80,B28) -> 1 | D28: =IFERROR(C28/SUM($C$24:$C$30),0) -> 0.14285714
B29: Processos / Lean | C29: =COUNTIF(Atividades!D6:D80,B29) -> 1 | D29: =IFERROR(C29/SUM($C$24:$C$30),0) -> 0.14285714
B30: Conscientização | C30: =COUNTIF(Atividades!D6:D80,B30) -> 1 | D30: =IFERROR(C30/SUM($C$24:$C$30),0) -> 0.14285714
B33: DISTRIBUIÇÃO DE CARGA POR RESPONSÁVEL
B34: Responsável | C34: Total | D34: Em Andamento | E34: Atrasadas
B35: Marcos | C35: =COUNTIF(Atividades!F6:F80,B35) -> 5 | D35: =COUNTIFS(Atividades!F6:F80,B35,Atividades!H6:H80,"Em andamento") -> 4 | E35: =COUNTIFS(Atividades!F6:F80,B35,Atividades!H6:H80,"Atrasado") -> 0
B36: Time de Processos | C36: =COUNTIF(Atividades!F6:F80,B36) -> 2 | D36: =COUNTIFS(Atividades!F6:F80,B36,Atividades!H6:H80,"Em andamento") -> 0 | E36: =COUNTIFS(Atividades!F6:F80,B36,Atividades!H6:H80,"Atrasado") -> 1
B37: Equipe SI | C37: =COUNTIF(Atividades!F6:F80,B37) -> 0 | D37: =COUNTIFS(Atividades!F6:F80,B37,Atividades!H6:H80,"Em andamento") -> 0 | E37: =COUNTIFS(Atividades!F6:F80,B37,Atividades!H6:H80,"Atrasado") -> 0
B38: DPO | C38: =COUNTIF(Atividades!F6:F80,B38) -> 0 | D38: =COUNTIFS(Atividades!F6:F80,B38,Atividades!H6:H80,"Em andamento") -> 0 | E38: =COUNTIFS(Atividades!F6:F80,B38,Atividades!H6:H80,"Atrasado") -> 0
B39: Auditoria | C39: =COUNTIF(Atividades!F6:F80,B39) -> 0 | D39: =COUNTIFS(Atividades!F6:F80,B39,Atividades!H6:H80,"Em andamento") -> 0 | E39: =COUNTIFS(Atividades!F6:F80,B39,Atividades!H6:H80,"Atrasado") -> 0
B40: Externo / Parceiro | C40: =COUNTIF(Atividades!F6:F80,B40) -> 0 | D40: =COUNTIFS(Atividades!F6:F80,B40,Atividades!H6:H80,"Em andamento") -> 0 | E40: =COUNTIFS(Atividades!F6:F80,B40,Atividades!H6:H80,"Atrasado") -> 0

Sheet Atividades
B2: ATIVIDADES DO TIME
B3: Registro central das atividades do time. É a partir desta aba que o Dashboard e o Resumo do Ciclo são alimentados.
B5: ID | C5: Atividade | D5: Pilar | E5: Área Cliente | F5: Responsável | G5: Prioridade | H5: Status | I5: Início | J5: Prazo | K5: % Concluído | L5: Entregável / Evidência | M5: Observações
B6: AT-001 | C6: Revisão de políticas de acesso lógico | D6: Segurança da Informação | E6: TI | F6: Marcos | G6: Alta | H6: Em andamento | I6: 46146 | J6: 46164 | K6: 60 | L6: Documento revisado no SGI | M6: Alinhada à ISO 27001 A.5.15
B7: AT-002 | C7: Pipeline N8N — notificação de incidentes | D7: Segurança da Informação | E7: TI | F7: Marcos | G7: Alta | H7: Em andamento | I7: 46132 | J7: 46178 | K7: 75 | L7: Fluxo N8N + relatório de testes | M7: Pendente: encoding UTF-8 e Microsoft 365 node
B8: AT-003 | C8: Comunicação interna sobre auditoria — MEC | D8: Auditoria Interna | E8: Todas as áreas | F8: Time de Processos | G8: Média | H8: Concluído | I8: 46148 | J8: 46154 | K8: 100 | L8: Comunicado enviado por e-mail e Teams | M8: Comunicado enviado a todas as áreas
B9: AT-004 | C9: Treinamento de conscientização — DPO | D9: Conscientização | E9: Todas as áreas | F9: Marcos | G9: Média | H9: Não iniciado | I9: 46174 | J9: 46193 | K9: 0 | L9: Material e gravação da sessão | M9: Planejado para o próximo ciclo
B10: AT-005 | C10: Plano de ação corretiva — NC-12 | D10: Processos / Lean | E10: Operações | F10: Time de Processos | G10: Alta | H10: Atrasado | I10: 46140 | J10: 46157 | K10: 40 | L10: Plano de ação formalizado | M10: Aguardando retorno do dono do processo
B11: AT-006 | C11: Manual SGI integrado — Cláusula 4.1 | D11: ISO 9001 | E11: Diretoria | F11: Marcos | G11: Média | H11: Em andamento | I11: 46147 | J11: 46172 | K11: 50 | L11: Capítulo 4 do Manual SGI | M11: Inclui bullet de mudanças climáticas (amend. 2024)
B12: AT-007 | C12: Coleta de evidências — Anexo A ISO 27001 | D12: ISO 27001 | E12: TI | F12: Marcos | G12: Alta | H12: Em andamento | I12: 46143 | J12: 46203 | K12: 30 | L12: Pasta de evidências no SGI | M12: Foco nos controles do Tema 5 (Organizacionais)

Sheet Resumo do Ciclo
B2: RESUMO DO CICLO — APRESENTAÇÃO AO VP
B3: Bloco narrativo do relatório. É a parte que o VP lê com mais atenção. Preencher de forma objetiva, em frases curtas.
B5: PRINCIPAIS ENTREGAS DO CICLO
B6: Liste aqui as 3 a 5 principais entregas realizadas no período. Ex.: Conclusão da revisão de políticas de acesso lógico. Ex.: Pipeline N8N de notificação de incidentes em fase de homologação. Ex.: Comunicação interna sobre auditoria MEC enviada a todas as áreas.
B8: ATIVIDADES EM ANDAMENTO RELEVANTES
B9: Liste atividades-chave que seguem no ciclo seguinte e mereçam visibilidade do VP. Ex.: Coleta de evidências do Anexo A da ISO 27001 — 30% concluída. Ex.: Manual SGI integrado — 50% concluído, foco na Cláusula 4.1.
B11: PONTOS DE ATENÇÃO
B12: Liste atrasos, bloqueios ou riscos que precisem de visibilidade. Ex.: NC-12 atrasada — aguardando retorno do dono do processo há 10 dias. Ex.: Pipeline N8N — pendências de encoding UTF-8 e integração M365.
B14: PRÓXIMOS PASSOS
B15: O que o time vai entregar até o próximo ciclo. Ex.: Iniciar treinamento de conscientização — DPO. Ex.: Avançar coleta de evidências do Anexo A para 50%. Ex.: Fechar comunicado de encerramento da auditoria MEC.
B17: NECESSIDADES / DECISÕES DO VP
B18: Tópicos que precisam de aprovação ou direcionamento do VP. Ex.: Aprovação para contratação de ferramenta de DLP. Ex.: Alinhamento sobre patrocínio executivo da campanha de conscientização.
... B21: Destaques individuais ou de equipe que valem ser mencionados. Ex.: Time de Processos entregou a comunicação MEC dentro do prazo.

Sheet Parâmetros
B2: PARÂMETROS E LISTAS
B4: Status | C4: Prioridade | D4: Pilar | E4: Responsável | F4: Área Cliente
B5: Não iniciado | C5: Alta | D5: Segurança da Informação | E5: Marcos | F5: Diretoria
B6: Em andamento | C6: Média | D6: Privacidade / LGPD | E6: Time de Processos | F6: TI
B7: Concluído | C7: Baixa | D7: ISO 27001 | E7: Equipe SI | F7: Financeiro
B8: Atrasado | D8: ISO 9001 | E8: DPO | F8: RH
B9: Bloqueado | D9: Auditoria Interna | E9: Auditoria | F9: Comercial
D10: Processos / Lean | E10: Externo / Parceiro | F10: Operações
D11: Conscientização | F11: Jurídico
F12: Todas as áreas
